id,name,version,type,issuesCritical,issuesHigh,issuesMedium,issuesLow,dependenciesWithIssues,licenses,projects,license urls,latestVersion,latestVersionPublishedDate,firstPublishedDate,isDeprecated,copyright
github.com/boombuler/barcode@#6c824513bacc,github.com/boombuler/barcode,#6c824513bacc,golang,0,0,0,0,,,github.com/dislinkt/auth_service:go.mod,,,,,,[]
github.com/boombuler/barcode/qr@#6c824513bacc,github.com/boombuler/barcode/qr,#6c824513bacc,golang,0,0,0,0,,,github.com/dislinkt/auth_service:go.mod,,,,,,[]
github.com/boombuler/barcode/utils@#6c824513bacc,github.com/boombuler/barcode/utils,#6c824513bacc,golang,0,0,0,0,,,github.com/dislinkt/auth_service:go.mod,,,,,,[]
github.com/dislinkt/common/config@0.0.0,github.com/dislinkt/common/config,0.0.0,golang,0,0,0,0,,,post_service:go.mod,,,,,,[]
github.com/dislinkt/common/config@#000000000000,github.com/dislinkt/common/config,#000000000000,golang,0,0,0,0,,,"github.com/dislinkt/user_service:go.mod, github.com/dislinkt/additional_user_service:go.mod, github.com/dislinkt/api_gateway:go.mod",,,,,,[]
github.com/dislinkt/common/interceptor@0.0.0,github.com/dislinkt/common/interceptor,0.0.0,golang,0,0,0,0,,,post_service:go.mod,,,,,,[]
github.com/dislinkt/common/interceptor@#000000000000,github.com/dislinkt/common/interceptor,#000000000000,golang,0,0,0,0,,,"github.com/dislinkt/auth_service:go.mod, github.com/dislinkt/connection_service:go.mod, github.com/dislinkt/user_service:go.mod, github.com/dislinkt/additional_user_service:go.mod",,,,,,[]
github.com/dislinkt/common/proto/additional_user_service@#000000000000,github.com/dislinkt/common/proto/additional_user_service,#000000000000,golang,0,0,0,0,,,"github.com/dislinkt/additional_user_service:go.mod, github.com/dislinkt/api_gateway:go.mod",,,,,,[]
github.com/dislinkt/common/proto/auth_service@#000000000000,github.com/dislinkt/common/proto/auth_service,#000000000000,golang,0,0,0,0,,,"github.com/dislinkt/auth_service:go.mod, github.com/dislinkt/api_gateway:go.mod",,,,,,[]
github.com/dislinkt/common/proto/connection_service@#000000000000,github.com/dislinkt/common/proto/connection_service,#000000000000,golang,0,0,0,0,,,"github.com/dislinkt/connection_service:go.mod, github.com/dislinkt/api_gateway:go.mod",,,,,,[]
github.com/dislinkt/common/proto/post_service@0.0.0,github.com/dislinkt/common/proto/post_service,0.0.0,golang,0,0,0,0,,,post_service:go.mod,,,,,,[]
github.com/dislinkt/common/proto/post_service@#000000000000,github.com/dislinkt/common/proto/post_service,#000000000000,golang,0,0,0,0,,,github.com/dislinkt/api_gateway:go.mod,,,,,,[]
github.com/dislinkt/common/proto/user_service@#000000000000,github.com/dislinkt/common/proto/user_service,#000000000000,golang,0,0,0,0,,,"github.com/dislinkt/user_service:go.mod, github.com/dislinkt/api_gateway:go.mod",,,,,,[]
github.com/dislinkt/common/saga/events@0.0.0,github.com/dislinkt/common/saga/events,0.0.0,golang,0,0,0,0,,,post_service:go.mod,,,,,,[]
github.com/dislinkt/common/saga/events@#000000000000,github.com/dislinkt/common/saga/events,#000000000000,golang,0,0,0,0,,,"github.com/dislinkt/auth_service:go.mod, github.com/dislinkt/connection_service:go.mod, github.com/dislinkt/user_service:go.mod, github.com/dislinkt/additional_user_service:go.mod",,,,,,[]
github.com/dislinkt/common/saga/messaging@0.0.0,github.com/dislinkt/common/saga/messaging,0.0.0,golang,0,0,0,0,,,post_service:go.mod,,,,,,[]
github.com/dislinkt/common/saga/messaging@#000000000000,github.com/dislinkt/common/saga/messaging,#000000000000,golang,0,0,0,0,,,"github.com/dislinkt/auth_service:go.mod, github.com/dislinkt/connection_service:go.mod, github.com/dislinkt/user_service:go.mod, github.com/dislinkt/additional_user_service:go.mod",,,,,,[]
github.com/dislinkt/common/saga/messaging/nats@0.0.0,github.com/dislinkt/common/saga/messaging/nats,0.0.0,golang,0,0,0,0,,,post_service:go.mod,,,,,,[]
github.com/dislinkt/common/saga/messaging/nats@#000000000000,github.com/dislinkt/common/saga/messaging/nats,#000000000000,golang,0,0,0,0,,,"github.com/dislinkt/auth_service:go.mod, github.com/dislinkt/connection_service:go.mod, github.com/dislinkt/user_service:go.mod, github.com/dislinkt/additional_user_service:go.mod",,,,,,[]
github.com/dislinkt/common/saga/patch_user@#000000000000,github.com/dislinkt/common/saga/patch_user,#000000000000,golang,0,0,0,0,,,"github.com/dislinkt/connection_service:go.mod, github.com/dislinkt/user_service:go.mod",,,,,,[]
github.com/felixge/httpsnoop@1.0.1,github.com/felixge/httpsnoop,1.0.1,golang,0,0,0,0,,MIT,github.com/dislinkt/api_gateway:go.mod,https://app.snyk.io/vuln/snyk:lic:MIT,,,,,[]
github.com/form3tech-oss/jwt-go@3.2.5,github.com/form3tech-oss/jwt-go,3.2.5,golang,0,0,0,0,,MIT,"github.com/dislinkt/auth_service:go.mod, github.com/dislinkt/connection_service:go.mod, post_service:go.mod, github.com/dislinkt/user_service:go.mod, github.com/dislinkt/additional_user_service:go.mod",https://app.snyk.io/vuln/snyk:lic:MIT,,,,,[]
github.com/gofrs/uuid@4.0.0,github.com/gofrs/uuid,4.0.0,golang,0,0,0,0,,MIT,"github.com/dislinkt/auth_service:go.mod, github.com/dislinkt/user_service:go.mod",https://app.snyk.io/vuln/snyk:lic:MIT,,,,,[]
github.com/gofrs/uuid@4.2.0,github.com/gofrs/uuid,4.2.0,golang,0,0,0,0,,MIT,"github.com/dislinkt/connection_service:go.mod, github.com/dislinkt/additional_user_service:go.mod",https://app.snyk.io/vuln/snyk:lic:MIT,,,,,[]
github.com/golang/protobuf/jsonpb@1.5.2,github.com/golang/protobuf/jsonpb,1.5.2,golang,0,0,0,0,,,"github.com/dislinkt/auth_service:go.mod, github.com/dislinkt/connection_service:go.mod, post_service:go.mod, github.com/dislinkt/user_service:go.mod, github.com/dislinkt/additional_user_service:go.mod, github.com/dislinkt/api_gateway:go.mod",,,,,,[]
github.com/golang/protobuf/proto@1.5.2,github.com/golang/protobuf/proto,1.5.2,golang,0,0,0,0,,,"github.com/dislinkt/auth_service:go.mod, github.com/dislinkt/connection_service:go.mod, post_service:go.mod, github.com/dislinkt/user_service:go.mod, github.com/dislinkt/additional_user_service:go.mod, github.com/dislinkt/api_gateway:go.mod",,,,,,[]
github.com/golang/protobuf/ptypes@1.5.2,github.com/golang/protobuf/ptypes,1.5.2,golang,0,0,0,0,,,"github.com/dislinkt/auth_service:go.mod, github.com/dislinkt/connection_service:go.mod, post_service:go.mod, github.com/dislinkt/user_service:go.mod, github.com/dislinkt/additional_user_service:go.mod, github.com/dislinkt/api_gateway:go.mod",,,,,,[]
github.com/golang/protobuf/ptypes/any@1.5.2,github.com/golang/protobuf/ptypes/any,1.5.2,golang,0,0,0,0,,,"github.com/dislinkt/auth_service:go.mod, github.com/dislinkt/connection_service:go.mod, post_service:go.mod, github.com/dislinkt/user_service:go.mod, github.com/dislinkt/additional_user_service:go.mod, github.com/dislinkt/api_gateway:go.mod",,,,,,[]
github.com/golang/protobuf/ptypes/duration@1.5.2,github.com/golang/protobuf/ptypes/duration,1.5.2,golang,0,0,0,0,,,"github.com/dislinkt/auth_service:go.mod, github.com/dislinkt/connection_service:go.mod, post_service:go.mod, github.com/dislinkt/user_service:go.mod, github.com/dislinkt/additional_user_service:go.mod, github.com/dislinkt/api_gateway:go.mod",,,,,,[]
github.com/golang/protobuf/ptypes/timestamp@1.5.2,github.com/golang/protobuf/ptypes/timestamp,1.5.2,golang,0,0,0,0,,,"github.com/dislinkt/auth_service:go.mod, github.com/dislinkt/connection_service:go.mod, post_service:go.mod, github.com/dislinkt/user_service:go.mod, github.com/dislinkt/additional_user_service:go.mod, github.com/dislinkt/api_gateway:go.mod",,,,,,[]
github.com/golang/snappy@0.0.1,github.com/golang/snappy,0.0.1,golang,0,0,0,0,,BSD-3-Clause,"post_service:go.mod, github.com/dislinkt/additional_user_service:go.mod",https://app.snyk.io/vuln/snyk:lic:BSD-3-Clause,,,,,[]
github.com/go-playground/locales@0.14.0,github.com/go-playground/locales,0.14.0,golang,0,0,0,0,,MIT,"github.com/dislinkt/auth_service:go.mod, post_service:go.mod, github.com/dislinkt/user_service:go.mod",https://app.snyk.io/vuln/snyk:lic:MIT,,,,,[]
github.com/go-playground/locales/currency@0.14.0,github.com/go-playground/locales/currency,0.14.0,golang,0,0,0,0,,,"github.com/dislinkt/auth_service:go.mod, post_service:go.mod, github.com/dislinkt/user_service:go.mod",,,,,,[]
github.com/go-playground/universal-translator@0.18.0,github.com/go-playground/universal-translator,0.18.0,golang,0,0,0,0,,MIT,"github.com/dislinkt/auth_service:go.mod, post_service:go.mod, github.com/dislinkt/user_service:go.mod",https://app.snyk.io/vuln/snyk:lic:MIT,,,,,[]
github.com/go-playground/validator/v10@10.11.0,github.com/go-playground/validator/v10,10.11.0,golang,0,0,0,0,,MIT,"github.com/dislinkt/auth_service:go.mod, post_service:go.mod, github.com/dislinkt/user_service:go.mod",https://app.snyk.io/vuln/snyk:lic:MIT,,,,,[]
github.com/gorilla/handlers@1.5.1,github.com/gorilla/handlers,1.5.1,golang,0,0,0,0,,BSD-2-Clause,github.com/dislinkt/api_gateway:go.mod,https://app.snyk.io/vuln/snyk:lic:BSD-2-Clause,,,,,[]
github.com/go-stack/stack@1.8.0,github.com/go-stack/stack,1.8.0,golang,0,0,0,0,,MIT,"post_service:go.mod, github.com/dislinkt/additional_user_service:go.mod",https://app.snyk.io/vuln/snyk:lic:MIT,,,,,[]
github.com/grpc-ecosystem/grpc-gateway/v2/internal/httprule@2.10.0,github.com/grpc-ecosystem/grpc-gateway/v2/internal/httprule,2.10.0,golang,0,0,0,0,,,"github.com/dislinkt/auth_service:go.mod, github.com/dislinkt/connection_service:go.mod, post_service:go.mod, github.com/dislinkt/user_service:go.mod, github.com/dislinkt/additional_user_service:go.mod, github.com/dislinkt/api_gateway:go.mod",,,,,,[]
github.com/grpc-ecosystem/grpc-gateway/v2/runtime@2.10.0,github.com/grpc-ecosystem/grpc-gateway/v2/runtime,2.10.0,golang,0,0,0,0,,,"github.com/dislinkt/auth_service:go.mod, github.com/dislinkt/connection_service:go.mod, post_service:go.mod, github.com/dislinkt/user_service:go.mod, github.com/dislinkt/additional_user_service:go.mod, github.com/dislinkt/api_gateway:go.mod",,,,,,[]
github.com/grpc-ecosystem/grpc-gateway/v2/utilities@2.10.0,github.com/grpc-ecosystem/grpc-gateway/v2/utilities,2.10.0,golang,0,0,0,0,,,"github.com/dislinkt/auth_service:go.mod, github.com/dislinkt/connection_service:go.mod, post_service:go.mod, github.com/dislinkt/user_service:go.mod, github.com/dislinkt/additional_user_service:go.mod, github.com/dislinkt/api_gateway:go.mod",,,,,,[]
github.com/jackc/chunkreader/v2@2.0.1,github.com/jackc/chunkreader/v2,2.0.1,golang,0,0,0,0,,MIT,"github.com/dislinkt/auth_service:go.mod, github.com/dislinkt/user_service:go.mod",https://app.snyk.io/vuln/snyk:lic:MIT,,,,,[]
github.com/jackc/pgconn@1.12.0,github.com/jackc/pgconn,1.12.0,golang,0,0,0,0,,MIT,"github.com/dislinkt/auth_service:go.mod, github.com/dislinkt/user_service:go.mod",https://app.snyk.io/vuln/snyk:lic:MIT,,,,,[]
github.com/jackc/pgconn/internal/ctxwatch@1.12.0,github.com/jackc/pgconn/internal/ctxwatch,1.12.0,golang,0,0,0,0,,,"github.com/dislinkt/auth_service:go.mod, github.com/dislinkt/user_service:go.mod",,,,,,[]
github.com/jackc/pgconn/stmtcache@1.12.0,github.com/jackc/pgconn/stmtcache,1.12.0,golang,0,0,0,0,,,"github.com/dislinkt/auth_service:go.mod, github.com/dislinkt/user_service:go.mod",,,,,,[]
github.com/jackc/pgio@1.0.0,github.com/jackc/pgio,1.0.0,golang,0,0,0,0,,MIT,"github.com/dislinkt/auth_service:go.mod, github.com/dislinkt/user_service:go.mod",https://app.snyk.io/vuln/snyk:lic:MIT,,,,,[]
github.com/jackc/pgpassfile@1.0.0,github.com/jackc/pgpassfile,1.0.0,golang,0,0,0,0,,MIT,"github.com/dislinkt/auth_service:go.mod, github.com/dislinkt/user_service:go.mod",https://app.snyk.io/vuln/snyk:lic:MIT,,,,,[]
github.com/jackc/pgproto3/v2@2.3.0,github.com/jackc/pgproto3/v2,2.3.0,golang,0,0,0,0,,MIT,"github.com/dislinkt/auth_service:go.mod, github.com/dislinkt/user_service:go.mod",https://app.snyk.io/vuln/snyk:lic:MIT,,,,,[]
github.com/jackc/pgservicefile@#2b9c44734f2b,github.com/jackc/pgservicefile,#2b9c44734f2b,golang,0,0,0,0,,,"github.com/dislinkt/auth_service:go.mod, github.com/dislinkt/user_service:go.mod",,,,,,[]
github.com/jackc/pgtype@1.11.0,github.com/jackc/pgtype,1.11.0,golang,0,0,0,0,,MIT,"github.com/dislinkt/auth_service:go.mod, github.com/dislinkt/user_service:go.mod",https://app.snyk.io/vuln/snyk:lic:MIT,,,,,[]
github.com/jackc/pgx/v4@4.16.0,github.com/jackc/pgx/v4,4.16.0,golang,0,0,0,0,,MIT,"github.com/dislinkt/auth_service:go.mod, github.com/dislinkt/user_service:go.mod",https://app.snyk.io/vuln/snyk:lic:MIT,,,,,[]
github.com/jackc/pgx/v4/internal/sanitize@4.16.0,github.com/jackc/pgx/v4/internal/sanitize,4.16.0,golang,0,0,0,0,,,"github.com/dislinkt/auth_service:go.mod, github.com/dislinkt/user_service:go.mod",,,,,,[]
github.com/jackc/pgx/v4/stdlib@4.16.0,github.com/jackc/pgx/v4/stdlib,4.16.0,golang,0,0,0,0,,,"github.com/dislinkt/auth_service:go.mod, github.com/dislinkt/user_service:go.mod",,,,,,[]
github.com/jinzhu/inflection@1.0.0,github.com/jinzhu/inflection,1.0.0,golang,0,0,0,0,,MIT,"github.com/dislinkt/auth_service:go.mod, github.com/dislinkt/user_service:go.mod",https://app.snyk.io/vuln/snyk:lic:MIT,,,,,[]
github.com/jinzhu/now@1.1.4,github.com/jinzhu/now,1.1.4,golang,0,0,0,0,,MIT,"github.com/dislinkt/auth_service:go.mod, github.com/dislinkt/user_service:go.mod",https://app.snyk.io/vuln/snyk:lic:MIT,,,,,[]
github.com/joho/godotenv@1.4.0,github.com/joho/godotenv,1.4.0,golang,0,0,0,0,,MIT,"post_service:go.mod, github.com/dislinkt/user_service:go.mod, github.com/dislinkt/additional_user_service:go.mod, github.com/dislinkt/api_gateway:go.mod",https://app.snyk.io/vuln/snyk:lic:MIT,,,,,[]
github.com/klauspost/compress@1.15.3,github.com/klauspost/compress,1.15.3,golang,0,0,0,0,,BSD-3-Clause,"post_service:go.mod, github.com/dislinkt/additional_user_service:go.mod",https://app.snyk.io/vuln/snyk:lic:BSD-3-Clause,,,,,[]
github.com/klauspost/compress/fse@1.15.3,github.com/klauspost/compress/fse,1.15.3,golang,0,0,0,0,,,"post_service:go.mod, github.com/dislinkt/additional_user_service:go.mod",,,,,,[]
github.com/klauspost/compress/huff0@1.15.3,github.com/klauspost/compress/huff0,1.15.3,golang,0,0,0,0,,,"post_service:go.mod, github.com/dislinkt/additional_user_service:go.mod",,,,,,[]
github.com/klauspost/compress/internal/cpuinfo@1.15.3,github.com/klauspost/compress/internal/cpuinfo,1.15.3,golang,0,0,0,0,,,"post_service:go.mod, github.com/dislinkt/additional_user_service:go.mod",,,,,,[]
github.com/klauspost/compress/internal/snapref@1.15.3,github.com/klauspost/compress/internal/snapref,1.15.3,golang,0,0,0,0,,,"post_service:go.mod, github.com/dislinkt/additional_user_service:go.mod",,,,,,[]
github.com/klauspost/compress/zstd@1.15.3,github.com/klauspost/compress/zstd,1.15.3,golang,0,0,0,0,,,"post_service:go.mod, github.com/dislinkt/additional_user_service:go.mod",,,,,,[]
github.com/klauspost/compress/zstd/internal/xxhash@1.15.3,github.com/klauspost/compress/zstd/internal/xxhash,1.15.3,golang,0,0,0,0,,,"post_service:go.mod, github.com/dislinkt/additional_user_service:go.mod",,,,,,[]
github.com/leodido/go-urn@1.2.1,github.com/leodido/go-urn,1.2.1,golang,0,0,0,0,,MIT,"github.com/dislinkt/auth_service:go.mod, post_service:go.mod, github.com/dislinkt/user_service:go.mod",https://app.snyk.io/vuln/snyk:lic:MIT,,,,,[]
github.com/nats-io/nats.go@1.15.0,github.com/nats-io/nats.go,1.15.0,golang,0,0,0,0,,Apache-2.0,"github.com/dislinkt/auth_service:go.mod, github.com/dislinkt/connection_service:go.mod, post_service:go.mod, github.com/dislinkt/user_service:go.mod, github.com/dislinkt/additional_user_service:go.mod",https://app.snyk.io/vuln/snyk:lic:Apache-2.0,,,,,[]
github.com/nats-io/nats.go/encoders/builtin@1.15.0,github.com/nats-io/nats.go/encoders/builtin,1.15.0,golang,0,0,0,0,,,"github.com/dislinkt/auth_service:go.mod, github.com/dislinkt/connection_service:go.mod, post_service:go.mod, github.com/dislinkt/user_service:go.mod, github.com/dislinkt/additional_user_service:go.mod",,,,,,[]
github.com/nats-io/nats.go/util@1.15.0,github.com/nats-io/nats.go/util,1.15.0,golang,0,0,0,0,,,"github.com/dislinkt/auth_service:go.mod, github.com/dislinkt/connection_service:go.mod, post_service:go.mod, github.com/dislinkt/user_service:go.mod, github.com/dislinkt/additional_user_service:go.mod",,,,,,[]
github.com/nats-io/nkeys@0.3.0,github.com/nats-io/nkeys,0.3.0,golang,0,0,0,0,,Apache-2.0,"github.com/dislinkt/auth_service:go.mod, github.com/dislinkt/connection_service:go.mod, post_service:go.mod, github.com/dislinkt/user_service:go.mod, github.com/dislinkt/additional_user_service:go.mod",https://app.snyk.io/vuln/snyk:lic:Apache-2.0,,,,,[]
github.com/nats-io/nuid@1.0.1,github.com/nats-io/nuid,1.0.1,golang,0,0,0,0,,Apache-2.0,"github.com/dislinkt/auth_service:go.mod, github.com/dislinkt/connection_service:go.mod, post_service:go.mod, github.com/dislinkt/user_service:go.mod, github.com/dislinkt/additional_user_service:go.mod",https://app.snyk.io/vuln/snyk:lic:Apache-2.0,,,,,[]
github.com/neo4j/neo4j-go-driver/v4/neo4j@4.4.2,github.com/neo4j/neo4j-go-driver/v4/neo4j,4.4.2,golang,0,0,0,0,,,github.com/dislinkt/connection_service:go.mod,,,,,,[]
github.com/neo4j/neo4j-go-driver/v4/neo4j/db@4.4.2,github.com/neo4j/neo4j-go-driver/v4/neo4j/db,4.4.2,golang,0,0,0,0,,,github.com/dislinkt/connection_service:go.mod,,,,,,[]
github.com/neo4j/neo4j-go-driver/v4/neo4j/dbtype@4.4.2,github.com/neo4j/neo4j-go-driver/v4/neo4j/dbtype,4.4.2,golang,0,0,0,0,,,github.com/dislinkt/connection_service:go.mod,,,,,,[]
github.com/neo4j/neo4j-go-driver/v4/neo4j/internal/bolt@4.4.2,github.com/neo4j/neo4j-go-driver/v4/neo4j/internal/bolt,4.4.2,golang,0,0,0,0,,,github.com/dislinkt/connection_service:go.mod,,,,,,[]
github.com/neo4j/neo4j-go-driver/v4/neo4j/internal/connector@4.4.2,github.com/neo4j/neo4j-go-driver/v4/neo4j/internal/connector,4.4.2,golang,0,0,0,0,,,github.com/dislinkt/connection_service:go.mod,,,,,,[]
github.com/neo4j/neo4j-go-driver/v4/neo4j/internal/packstream@4.4.2,github.com/neo4j/neo4j-go-driver/v4/neo4j/internal/packstream,4.4.2,golang,0,0,0,0,,,github.com/dislinkt/connection_service:go.mod,,,,,,[]
github.com/neo4j/neo4j-go-driver/v4/neo4j/internal/pool@4.4.2,github.com/neo4j/neo4j-go-driver/v4/neo4j/internal/pool,4.4.2,golang,0,0,0,0,,,github.com/dislinkt/connection_service:go.mod,,,,,,[]
github.com/neo4j/neo4j-go-driver/v4/neo4j/internal/racingio@4.4.2,github.com/neo4j/neo4j-go-driver/v4/neo4j/internal/racingio,4.4.2,golang,0,0,0,0,,,github.com/dislinkt/connection_service:go.mod,,,,,,[]
github.com/neo4j/neo4j-go-driver/v4/neo4j/internal/retry@4.4.2,github.com/neo4j/neo4j-go-driver/v4/neo4j/internal/retry,4.4.2,golang,0,0,0,0,,,github.com/dislinkt/connection_service:go.mod,,,,,,[]
github.com/neo4j/neo4j-go-driver/v4/neo4j/internal/router@4.4.2,github.com/neo4j/neo4j-go-driver/v4/neo4j/internal/router,4.4.2,golang,0,0,0,0,,,github.com/dislinkt/connection_service:go.mod,,,,,,[]
github.com/neo4j/neo4j-go-driver/v4/neo4j/log@4.4.2,github.com/neo4j/neo4j-go-driver/v4/neo4j/log,4.4.2,golang,0,0,0,0,,,github.com/dislinkt/connection_service:go.mod,,,,,,[]
github.com/opentracing/opentracing-go@1.2.0,github.com/opentracing/opentracing-go,1.2.0,golang,0,0,0,0,,Apache-2.0,github.com/dislinkt/api_gateway:go.mod,https://app.snyk.io/vuln/snyk:lic:Apache-2.0,,,,,[]
github.com/opentracing/opentracing-go/log@1.2.0,github.com/opentracing/opentracing-go/log,1.2.0,golang,0,0,0,0,,,github.com/dislinkt/api_gateway:go.mod,,,,,,[]
github.com/pkg/errors@0.9.1,github.com/pkg/errors,0.9.1,golang,0,0,0,0,,BSD-2-Clause,"post_service:go.mod, github.com/dislinkt/additional_user_service:go.mod",https://app.snyk.io/vuln/snyk:lic:BSD-2-Clause,,,,,[]
github.com/pquerna/otp@1.3.0,github.com/pquerna/otp,1.3.0,golang,0,0,0,0,,Apache-2.0,github.com/dislinkt/auth_service:go.mod,https://app.snyk.io/vuln/snyk:lic:Apache-2.0,,,,,[]
github.com/pquerna/otp/hotp@1.3.0,github.com/pquerna/otp/hotp,1.3.0,golang,0,0,0,0,,,github.com/dislinkt/auth_service:go.mod,,,,,,[]
github.com/pquerna/otp/totp@1.3.0,github.com/pquerna/otp/totp,1.3.0,golang,0,0,0,0,,,github.com/dislinkt/auth_service:go.mod,,,,,,[]
github.com/xdg-go/pbkdf2@1.0.0,github.com/xdg-go/pbkdf2,1.0.0,golang,0,0,0,0,,Unknown,"post_service:go.mod, github.com/dislinkt/additional_user_service:go.mod",https://app.snyk.io/vuln/snyk:lic:Unknown,,,,,[]
github.com/xdg-go/scram@1.0.2,github.com/xdg-go/scram,1.0.2,golang,0,0,0,0,,Unknown,"post_service:go.mod, github.com/dislinkt/additional_user_service:go.mod",https://app.snyk.io/vuln/snyk:lic:Unknown,,,,,[]
github.com/xdg-go/stringprep@1.0.2,github.com/xdg-go/stringprep,1.0.2,golang,0,0,0,0,,Unknown,"post_service:go.mod, github.com/dislinkt/additional_user_service:go.mod",https://app.snyk.io/vuln/snyk:lic:Unknown,,,,,[]
github.com/youmark/pkcs8@#1be2e3e5546d,github.com/youmark/pkcs8,#1be2e3e5546d,golang,0,0,0,0,,,"post_service:go.mod, github.com/dislinkt/additional_user_service:go.mod",,,,,,[]
golang.org/x/crypto/bcrypt@#5e0467b6c7ce,golang.org/x/crypto/bcrypt,#5e0467b6c7ce,golang,0,0,0,0,,,github.com/dislinkt/auth_service:go.mod,,,,,,[]
golang.org/x/crypto/blowfish@#5e0467b6c7ce,golang.org/x/crypto/blowfish,#5e0467b6c7ce,golang,0,0,0,0,,,github.com/dislinkt/auth_service:go.mod,,,,,,[]
golang.org/x/crypto/ed25519@#3147a52a75dd,golang.org/x/crypto/ed25519,#3147a52a75dd,golang,0,0,0,0,,,github.com/dislinkt/connection_service:go.mod,,,,,,[]
golang.org/x/crypto/ed25519@#5e0467b6c7ce,golang.org/x/crypto/ed25519,#5e0467b6c7ce,golang,0,0,0,0,,,"github.com/dislinkt/auth_service:go.mod, post_service:go.mod, github.com/dislinkt/user_service:go.mod, github.com/dislinkt/additional_user_service:go.mod",,,,,,[]
golang.org/x/crypto/ocsp@#5e0467b6c7ce,golang.org/x/crypto/ocsp,#5e0467b6c7ce,golang,0,0,0,0,,,"post_service:go.mod, github.com/dislinkt/additional_user_service:go.mod",,,,,,[]
golang.org/x/crypto/pbkdf2@#5e0467b6c7ce,golang.org/x/crypto/pbkdf2,#5e0467b6c7ce,golang,0,0,0,0,,,"github.com/dislinkt/auth_service:go.mod, post_service:go.mod, github.com/dislinkt/user_service:go.mod, github.com/dislinkt/additional_user_service:go.mod",,,,,,[]
golang.org/x/crypto/sha3@#5e0467b6c7ce,golang.org/x/crypto/sha3,#5e0467b6c7ce,golang,0,0,0,0,,,"github.com/dislinkt/auth_service:go.mod, post_service:go.mod, github.com/dislinkt/user_service:go.mod",,,,,,[]
golang.org/x/net/http2@#cd36cc0744dd,golang.org/x/net/http2,#cd36cc0744dd,golang,0,0,0,0,,,"github.com/dislinkt/auth_service:go.mod, github.com/dislinkt/connection_service:go.mod, post_service:go.mod, github.com/dislinkt/user_service:go.mod, github.com/dislinkt/additional_user_service:go.mod, github.com/dislinkt/api_gateway:go.mod",,,,,,[]
golang.org/x/net/http2/hpack@#cd36cc0744dd,golang.org/x/net/http2/hpack,#cd36cc0744dd,golang,0,0,0,0,,,"github.com/dislinkt/auth_service:go.mod, github.com/dislinkt/connection_service:go.mod, post_service:go.mod, github.com/dislinkt/user_service:go.mod, github.com/dislinkt/additional_user_service:go.mod, github.com/dislinkt/api_gateway:go.mod",,,,,,[]
golang.org/x/net/http/httpguts@#cd36cc0744dd,golang.org/x/net/http/httpguts,#cd36cc0744dd,golang,0,0,0,0,,,"github.com/dislinkt/auth_service:go.mod, github.com/dislinkt/connection_service:go.mod, post_service:go.mod, github.com/dislinkt/user_service:go.mod, github.com/dislinkt/additional_user_service:go.mod, github.com/dislinkt/api_gateway:go.mod",,,,,,[]
golang.org/x/net/idna@#cd36cc0744dd,golang.org/x/net/idna,#cd36cc0744dd,golang,0,0,0,0,,,"github.com/dislinkt/auth_service:go.mod, github.com/dislinkt/connection_service:go.mod, post_service:go.mod, github.com/dislinkt/user_service:go.mod, github.com/dislinkt/additional_user_service:go.mod, github.com/dislinkt/api_gateway:go.mod",,,,,,[]
golang.org/x/net/internal/timeseries@#cd36cc0744dd,golang.org/x/net/internal/timeseries,#cd36cc0744dd,golang,0,0,0,0,,,"github.com/dislinkt/auth_service:go.mod, github.com/dislinkt/connection_service:go.mod, post_service:go.mod, github.com/dislinkt/user_service:go.mod, github.com/dislinkt/additional_user_service:go.mod, github.com/dislinkt/api_gateway:go.mod",,,,,,[]
golang.org/x/net/trace@#cd36cc0744dd,golang.org/x/net/trace,#cd36cc0744dd,golang,0,0,0,0,,,"github.com/dislinkt/auth_service:go.mod, github.com/dislinkt/connection_service:go.mod, post_service:go.mod, github.com/dislinkt/user_service:go.mod, github.com/dislinkt/additional_user_service:go.mod, github.com/dislinkt/api_gateway:go.mod",,,,,,[]
golang.org/x/sync/errgroup@#cd5d95a43a6e,golang.org/x/sync/errgroup,#cd5d95a43a6e,golang,0,0,0,0,,,"post_service:go.mod, github.com/dislinkt/additional_user_service:go.mod",,,,,,[]
golang.org/x/text/cases@0.3.7,golang.org/x/text/cases,0.3.7,golang,0,0,0,0,,,"github.com/dislinkt/auth_service:go.mod, github.com/dislinkt/user_service:go.mod",,,,,,[]
golang.org/x/text/internal@0.3.7,golang.org/x/text/internal,0.3.7,golang,0,0,0,0,,,"github.com/dislinkt/auth_service:go.mod, github.com/dislinkt/user_service:go.mod",,,,,,[]
golang.org/x/text/internal/language@0.3.7,golang.org/x/text/internal/language,0.3.7,golang,0,0,0,0,,,"github.com/dislinkt/auth_service:go.mod, post_service:go.mod, github.com/dislinkt/user_service:go.mod",,,,,,[]
golang.org/x/text/internal/language/compact@0.3.7,golang.org/x/text/internal/language/compact,0.3.7,golang,0,0,0,0,,,"github.com/dislinkt/auth_service:go.mod, post_service:go.mod, github.com/dislinkt/user_service:go.mod",,,,,,[]
golang.org/x/text/internal/tag@0.3.7,golang.org/x/text/internal/tag,0.3.7,golang,0,0,0,0,,,"github.com/dislinkt/auth_service:go.mod, post_service:go.mod, github.com/dislinkt/user_service:go.mod",,,,,,[]
golang.org/x/text/language@0.3.7,golang.org/x/text/language,0.3.7,golang,0,0,0,0,,,"github.com/dislinkt/auth_service:go.mod, post_service:go.mod, github.com/dislinkt/user_service:go.mod",,,,,,[]
golang.org/x/text/runes@0.3.7,golang.org/x/text/runes,0.3.7,golang,0,0,0,0,,,"github.com/dislinkt/auth_service:go.mod, github.com/dislinkt/user_service:go.mod",,,,,,[]
golang.org/x/text/secure/bidirule@0.3.7,golang.org/x/text/secure/bidirule,0.3.7,golang,0,0,0,0,,,"github.com/dislinkt/auth_service:go.mod, github.com/dislinkt/connection_service:go.mod, post_service:go.mod, github.com/dislinkt/user_service:go.mod, github.com/dislinkt/additional_user_service:go.mod, github.com/dislinkt/api_gateway:go.mod",,,,,,[]
golang.org/x/text/secure/precis@0.3.7,golang.org/x/text/secure/precis,0.3.7,golang,0,0,0,0,,,"github.com/dislinkt/auth_service:go.mod, github.com/dislinkt/user_service:go.mod",,,,,,[]
golang.org/x/text/transform@0.3.7,golang.org/x/text/transform,0.3.7,golang,0,0,0,0,,,"github.com/dislinkt/auth_service:go.mod, github.com/dislinkt/connection_service:go.mod, post_service:go.mod, github.com/dislinkt/user_service:go.mod, github.com/dislinkt/additional_user_service:go.mod, github.com/dislinkt/api_gateway:go.mod",,,,,,[]
golang.org/x/text/unicode/bidi@0.3.7,golang.org/x/text/unicode/bidi,0.3.7,golang,0,0,0,0,,,"github.com/dislinkt/auth_service:go.mod, github.com/dislinkt/connection_service:go.mod, post_service:go.mod, github.com/dislinkt/user_service:go.mod, github.com/dislinkt/additional_user_service:go.mod, github.com/dislinkt/api_gateway:go.mod",,,,,,[]
golang.org/x/text/unicode/norm@0.3.7,golang.org/x/text/unicode/norm,0.3.7,golang,0,0,0,0,,,"github.com/dislinkt/auth_service:go.mod, github.com/dislinkt/connection_service:go.mod, post_service:go.mod, github.com/dislinkt/user_service:go.mod, github.com/dislinkt/additional_user_service:go.mod, github.com/dislinkt/api_gateway:go.mod",,,,,,[]
golang.org/x/text/width@0.3.7,golang.org/x/text/width,0.3.7,golang,0,0,0,0,,,"github.com/dislinkt/auth_service:go.mod, github.com/dislinkt/user_service:go.mod",,,,,,[]
go.mongodb.org/mongo-driver/bson@1.9.0,go.mongodb.org/mongo-driver/bson,1.9.0,golang,0,0,0,0,,,post_service:go.mod,,,,,,[]
go.mongodb.org/mongo-driver/bson@1.9.1,go.mongodb.org/mongo-driver/bson,1.9.1,golang,0,0,0,0,,,github.com/dislinkt/additional_user_service:go.mod,,,,,,[]
go.mongodb.org/mongo-driver/bson/bsoncodec@1.9.0,go.mongodb.org/mongo-driver/bson/bsoncodec,1.9.0,golang,0,0,0,0,,,post_service:go.mod,,,,,,[]
go.mongodb.org/mongo-driver/bson/bsoncodec@1.9.1,go.mongodb.org/mongo-driver/bson/bsoncodec,1.9.1,golang,0,0,0,0,,,github.com/dislinkt/additional_user_service:go.mod,,,,,,[]
go.mongodb.org/mongo-driver/bson/bsonoptions@1.9.0,go.mongodb.org/mongo-driver/bson/bsonoptions,1.9.0,golang,0,0,0,0,,,post_service:go.mod,,,,,,[]
go.mongodb.org/mongo-driver/bson/bsonoptions@1.9.1,go.mongodb.org/mongo-driver/bson/bsonoptions,1.9.1,golang,0,0,0,0,,,github.com/dislinkt/additional_user_service:go.mod,,,,,,[]
go.mongodb.org/mongo-driver/bson/bsonrw@1.9.0,go.mongodb.org/mongo-driver/bson/bsonrw,1.9.0,golang,0,0,0,0,,,post_service:go.mod,,,,,,[]
go.mongodb.org/mongo-driver/bson/bsonrw@1.9.1,go.mongodb.org/mongo-driver/bson/bsonrw,1.9.1,golang,0,0,0,0,,,github.com/dislinkt/additional_user_service:go.mod,,,,,,[]
go.mongodb.org/mongo-driver/bson/bsontype@1.9.0,go.mongodb.org/mongo-driver/bson/bsontype,1.9.0,golang,0,0,0,0,,,post_service:go.mod,,,,,,[]
go.mongodb.org/mongo-driver/bson/bsontype@1.9.1,go.mongodb.org/mongo-driver/bson/bsontype,1.9.1,golang,0,0,0,0,,,github.com/dislinkt/additional_user_service:go.mod,,,,,,[]
go.mongodb.org/mongo-driver/bson/primitive@1.9.0,go.mongodb.org/mongo-driver/bson/primitive,1.9.0,golang,0,0,0,0,,,post_service:go.mod,,,,,,[]
go.mongodb.org/mongo-driver/bson/primitive@1.9.1,go.mongodb.org/mongo-driver/bson/primitive,1.9.1,golang,0,0,0,0,,,github.com/dislinkt/additional_user_service:go.mod,,,,,,[]
go.mongodb.org/mongo-driver/event@1.9.0,go.mongodb.org/mongo-driver/event,1.9.0,golang,0,0,0,0,,,post_service:go.mod,,,,,,[]
go.mongodb.org/mongo-driver/event@1.9.1,go.mongodb.org/mongo-driver/event,1.9.1,golang,0,0,0,0,,,github.com/dislinkt/additional_user_service:go.mod,,,,,,[]
go.mongodb.org/mongo-driver/internal@1.9.0,go.mongodb.org/mongo-driver/internal,1.9.0,golang,0,0,0,0,,,post_service:go.mod,,,,,,[]
go.mongodb.org/mongo-driver/internal@1.9.1,go.mongodb.org/mongo-driver/internal,1.9.1,golang,0,0,0,0,,,github.com/dislinkt/additional_user_service:go.mod,,,,,,[]
go.mongodb.org/mongo-driver/internal/randutil@1.9.0,go.mongodb.org/mongo-driver/internal/randutil,1.9.0,golang,0,0,0,0,,,post_service:go.mod,,,,,,[]
go.mongodb.org/mongo-driver/internal/randutil@1.9.1,go.mongodb.org/mongo-driver/internal/randutil,1.9.1,golang,0,0,0,0,,,github.com/dislinkt/additional_user_service:go.mod,,,,,,[]
go.mongodb.org/mongo-driver/mongo@1.9.0,go.mongodb.org/mongo-driver/mongo,1.9.0,golang,0,0,0,0,,,post_service:go.mod,,,,,,[]
go.mongodb.org/mongo-driver/mongo@1.9.1,go.mongodb.org/mongo-driver/mongo,1.9.1,golang,0,0,0,0,,,github.com/dislinkt/additional_user_service:go.mod,,,,,,[]
go.mongodb.org/mongo-driver/mongo/address@1.9.0,go.mongodb.org/mongo-driver/mongo/address,1.9.0,golang,0,0,0,0,,,post_service:go.mod,,,,,,[]
go.mongodb.org/mongo-driver/mongo/address@1.9.1,go.mongodb.org/mongo-driver/mongo/address,1.9.1,golang,0,0,0,0,,,github.com/dislinkt/additional_user_service:go.mod,,,,,,[]
go.mongodb.org/mongo-driver/mongo/description@1.9.0,go.mongodb.org/mongo-driver/mongo/description,1.9.0,golang,0,0,0,0,,,post_service:go.mod,,,,,,[]
go.mongodb.org/mongo-driver/mongo/description@1.9.1,go.mongodb.org/mongo-driver/mongo/description,1.9.1,golang,0,0,0,0,,,github.com/dislinkt/additional_user_service:go.mod,,,,,,[]
go.mongodb.org/mongo-driver/mongo/options@1.9.0,go.mongodb.org/mongo-driver/mongo/options,1.9.0,golang,0,0,0,0,,,post_service:go.mod,,,,,,[]
go.mongodb.org/mongo-driver/mongo/options@1.9.1,go.mongodb.org/mongo-driver/mongo/options,1.9.1,golang,0,0,0,0,,,github.com/dislinkt/additional_user_service:go.mod,,,,,,[]
go.mongodb.org/mongo-driver/mongo/readconcern@1.9.0,go.mongodb.org/mongo-driver/mongo/readconcern,1.9.0,golang,0,0,0,0,,,post_service:go.mod,,,,,,[]
go.mongodb.org/mongo-driver/mongo/readconcern@1.9.1,go.mongodb.org/mongo-driver/mongo/readconcern,1.9.1,golang,0,0,0,0,,,github.com/dislinkt/additional_user_service:go.mod,,,,,,[]
go.mongodb.org/mongo-driver/mongo/readpref@1.9.0,go.mongodb.org/mongo-driver/mongo/readpref,1.9.0,golang,0,0,0,0,,,post_service:go.mod,,,,,,[]
go.mongodb.org/mongo-driver/mongo/readpref@1.9.1,go.mongodb.org/mongo-driver/mongo/readpref,1.9.1,golang,0,0,0,0,,,github.com/dislinkt/additional_user_service:go.mod,,,,,,[]
go.mongodb.org/mongo-driver/mongo/writeconcern@1.9.0,go.mongodb.org/mongo-driver/mongo/writeconcern,1.9.0,golang,0,0,0,0,,,post_service:go.mod,,,,,,[]
go.mongodb.org/mongo-driver/mongo/writeconcern@1.9.1,go.mongodb.org/mongo-driver/mongo/writeconcern,1.9.1,golang,0,0,0,0,,,github.com/dislinkt/additional_user_service:go.mod,,,,,,[]
go.mongodb.org/mongo-driver/tag@1.9.0,go.mongodb.org/mongo-driver/tag,1.9.0,golang,0,0,0,0,,,post_service:go.mod,,,,,,[]
go.mongodb.org/mongo-driver/tag@1.9.1,go.mongodb.org/mongo-driver/tag,1.9.1,golang,0,0,0,0,,,github.com/dislinkt/additional_user_service:go.mod,,,,,,[]
go.mongodb.org/mongo-driver/version@1.9.0,go.mongodb.org/mongo-driver/version,1.9.0,golang,0,0,0,0,,,post_service:go.mod,,,,,,[]
go.mongodb.org/mongo-driver/version@1.9.1,go.mongodb.org/mongo-driver/version,1.9.1,golang,0,0,0,0,,,github.com/dislinkt/additional_user_service:go.mod,,,,,,[]
go.mongodb.org/mongo-driver/x/bsonx@1.9.0,go.mongodb.org/mongo-driver/x/bsonx,1.9.0,golang,0,0,0,0,,,post_service:go.mod,,,,,,[]
go.mongodb.org/mongo-driver/x/bsonx@1.9.1,go.mongodb.org/mongo-driver/x/bsonx,1.9.1,golang,0,0,0,0,,,github.com/dislinkt/additional_user_service:go.mod,,,,,,[]
go.mongodb.org/mongo-driver/x/bsonx/bsoncore@1.9.0,go.mongodb.org/mongo-driver/x/bsonx/bsoncore,1.9.0,golang,0,0,0,0,,,post_service:go.mod,,,,,,[]
go.mongodb.org/mongo-driver/x/bsonx/bsoncore@1.9.1,go.mongodb.org/mongo-driver/x/bsonx/bsoncore,1.9.1,golang,0,0,0,0,,,github.com/dislinkt/additional_user_service:go.mod,,,,,,[]
go.mongodb.org/mongo-driver/x/mongo/driver@1.9.0,go.mongodb.org/mongo-driver/x/mongo/driver,1.9.0,golang,0,0,0,0,,,post_service:go.mod,,,,,,[]
go.mongodb.org/mongo-driver/x/mongo/driver@1.9.1,go.mongodb.org/mongo-driver/x/mongo/driver,1.9.1,golang,0,0,0,0,,,github.com/dislinkt/additional_user_service:go.mod,,,,,,[]
go.mongodb.org/mongo-driver/x/mongo/driver/auth@1.9.0,go.mongodb.org/mongo-driver/x/mongo/driver/auth,1.9.0,golang,0,0,0,0,,,post_service:go.mod,,,,,,[]
go.mongodb.org/mongo-driver/x/mongo/driver/auth@1.9.1,go.mongodb.org/mongo-driver/x/mongo/driver/auth,1.9.1,golang,0,0,0,0,,,github.com/dislinkt/additional_user_service:go.mod,,,,,,[]
go.mongodb.org/mongo-driver/x/mongo/driver/auth/internal/awsv4@1.9.0,go.mongodb.org/mongo-driver/x/mongo/driver/auth/internal/awsv4,1.9.0,golang,0,0,0,0,,,post_service:go.mod,,,,,,[]
go.mongodb.org/mongo-driver/x/mongo/driver/auth/internal/awsv4@1.9.1,go.mongodb.org/mongo-driver/x/mongo/driver/auth/internal/awsv4,1.9.1,golang,0,0,0,0,,,github.com/dislinkt/additional_user_service:go.mod,,,,,,[]
go.mongodb.org/mongo-driver/x/mongo/driver/connstring@1.9.0,go.mongodb.org/mongo-driver/x/mongo/driver/connstring,1.9.0,golang,0,0,0,0,,,post_service:go.mod,,,,,,[]
go.mongodb.org/mongo-driver/x/mongo/driver/connstring@1.9.1,go.mongodb.org/mongo-driver/x/mongo/driver/connstring,1.9.1,golang,0,0,0,0,,,github.com/dislinkt/additional_user_service:go.mod,,,,,,[]
go.mongodb.org/mongo-driver/x/mongo/driver/dns@1.9.0,go.mongodb.org/mongo-driver/x/mongo/driver/dns,1.9.0,golang,0,0,0,0,,,post_service:go.mod,,,,,,[]
go.mongodb.org/mongo-driver/x/mongo/driver/dns@1.9.1,go.mongodb.org/mongo-driver/x/mongo/driver/dns,1.9.1,golang,0,0,0,0,,,github.com/dislinkt/additional_user_service:go.mod,,,,,,[]
go.mongodb.org/mongo-driver/x/mongo/driver/mongocrypt@1.9.0,go.mongodb.org/mongo-driver/x/mongo/driver/mongocrypt,1.9.0,golang,0,0,0,0,,,post_service:go.mod,,,,,,[]
go.mongodb.org/mongo-driver/x/mongo/driver/mongocrypt@1.9.1,go.mongodb.org/mongo-driver/x/mongo/driver/mongocrypt,1.9.1,golang,0,0,0,0,,,github.com/dislinkt/additional_user_service:go.mod,,,,,,[]
go.mongodb.org/mongo-driver/x/mongo/driver/mongocrypt/options@1.9.0,go.mongodb.org/mongo-driver/x/mongo/driver/mongocrypt/options,1.9.0,golang,0,0,0,0,,,post_service:go.mod,,,,,,[]
go.mongodb.org/mongo-driver/x/mongo/driver/mongocrypt/options@1.9.1,go.mongodb.org/mongo-driver/x/mongo/driver/mongocrypt/options,1.9.1,golang,0,0,0,0,,,github.com/dislinkt/additional_user_service:go.mod,,,,,,[]
go.mongodb.org/mongo-driver/x/mongo/driver/ocsp@1.9.0,go.mongodb.org/mongo-driver/x/mongo/driver/ocsp,1.9.0,golang,0,0,0,0,,,post_service:go.mod,,,,,,[]
go.mongodb.org/mongo-driver/x/mongo/driver/ocsp@1.9.1,go.mongodb.org/mongo-driver/x/mongo/driver/ocsp,1.9.1,golang,0,0,0,0,,,github.com/dislinkt/additional_user_service:go.mod,,,,,,[]
go.mongodb.org/mongo-driver/x/mongo/driver/operation@1.9.0,go.mongodb.org/mongo-driver/x/mongo/driver/operation,1.9.0,golang,0,0,0,0,,,post_service:go.mod,,,,,,[]
go.mongodb.org/mongo-driver/x/mongo/driver/operation@1.9.1,go.mongodb.org/mongo-driver/x/mongo/driver/operation,1.9.1,golang,0,0,0,0,,,github.com/dislinkt/additional_user_service:go.mod,,,,,,[]
go.mongodb.org/mongo-driver/x/mongo/driver/session@1.9.0,go.mongodb.org/mongo-driver/x/mongo/driver/session,1.9.0,golang,0,0,0,0,,,post_service:go.mod,,,,,,[]
go.mongodb.org/mongo-driver/x/mongo/driver/session@1.9.1,go.mongodb.org/mongo-driver/x/mongo/driver/session,1.9.1,golang,0,0,0,0,,,github.com/dislinkt/additional_user_service:go.mod,,,,,,[]
go.mongodb.org/mongo-driver/x/mongo/driver/topology@1.9.0,go.mongodb.org/mongo-driver/x/mongo/driver/topology,1.9.0,golang,0,0,0,0,,,post_service:go.mod,,,,,,[]
go.mongodb.org/mongo-driver/x/mongo/driver/topology@1.9.1,go.mongodb.org/mongo-driver/x/mongo/driver/topology,1.9.1,golang,0,0,0,0,,,github.com/dislinkt/additional_user_service:go.mod,,,,,,[]
go.mongodb.org/mongo-driver/x/mongo/driver/uuid@1.9.0,go.mongodb.org/mongo-driver/x/mongo/driver/uuid,1.9.0,golang,0,0,0,0,,,post_service:go.mod,,,,,,[]
go.mongodb.org/mongo-driver/x/mongo/driver/uuid@1.9.1,go.mongodb.org/mongo-driver/x/mongo/driver/uuid,1.9.1,golang,0,0,0,0,,,github.com/dislinkt/additional_user_service:go.mod,,,,,,[]
go.mongodb.org/mongo-driver/x/mongo/driver/wiremessage@1.9.0,go.mongodb.org/mongo-driver/x/mongo/driver/wiremessage,1.9.0,golang,0,0,0,0,,,post_service:go.mod,,,,,,[]
go.mongodb.org/mongo-driver/x/mongo/driver/wiremessage@1.9.1,go.mongodb.org/mongo-driver/x/mongo/driver/wiremessage,1.9.1,golang,0,0,0,0,,,github.com/dislinkt/additional_user_service:go.mod,,,,,,[]
google.golang.org/genproto/googleapis/api/annotations@#31bebdecfb46,google.golang.org/genproto/googleapis/api/annotations,#31bebdecfb46,golang,0,0,0,0,,,"github.com/dislinkt/auth_service:go.mod, github.com/dislinkt/connection_service:go.mod, post_service:go.mod, github.com/dislinkt/user_service:go.mod, github.com/dislinkt/additional_user_service:go.mod, github.com/dislinkt/api_gateway:go.mod",,,,,,[]
google.golang.org/genproto/googleapis/api/httpbody@#31bebdecfb46,google.golang.org/genproto/googleapis/api/httpbody,#31bebdecfb46,golang,0,0,0,0,,,"github.com/dislinkt/auth_service:go.mod, github.com/dislinkt/connection_service:go.mod, post_service:go.mod, github.com/dislinkt/user_service:go.mod, github.com/dislinkt/additional_user_service:go.mod, github.com/dislinkt/api_gateway:go.mod",,,,,,[]
google.golang.org/genproto/googleapis/rpc/status@#31bebdecfb46,google.golang.org/genproto/googleapis/rpc/status,#31bebdecfb46,golang,0,0,0,0,,,"github.com/dislinkt/auth_service:go.mod, github.com/dislinkt/connection_service:go.mod, post_service:go.mod, github.com/dislinkt/user_service:go.mod, github.com/dislinkt/additional_user_service:go.mod, github.com/dislinkt/api_gateway:go.mod",,,,,,[]
google.golang.org/genproto/protobuf/field_mask@#31bebdecfb46,google.golang.org/genproto/protobuf/field_mask,#31bebdecfb46,golang,0,0,0,0,,,"github.com/dislinkt/auth_service:go.mod, github.com/dislinkt/connection_service:go.mod, post_service:go.mod, github.com/dislinkt/user_service:go.mod, github.com/dislinkt/additional_user_service:go.mod, github.com/dislinkt/api_gateway:go.mod",,,,,,[]
google.golang.org/grpc@1.46.0,google.golang.org/grpc,1.46.0,golang,0,0,0,0,,Apache-2.0,"github.com/dislinkt/auth_service:go.mod, github.com/dislinkt/connection_service:go.mod, post_service:go.mod, github.com/dislinkt/user_service:go.mod, github.com/dislinkt/additional_user_service:go.mod, github.com/dislinkt/api_gateway:go.mod",https://app.snyk.io/vuln/snyk:lic:Apache-2.0,,,,,[]
google.golang.org/grpc/attributes@1.46.0,google.golang.org/grpc/attributes,1.46.0,golang,0,0,0,0,,,"github.com/dislinkt/auth_service:go.mod, github.com/dislinkt/connection_service:go.mod, post_service:go.mod, github.com/dislinkt/user_service:go.mod, github.com/dislinkt/additional_user_service:go.mod, github.com/dislinkt/api_gateway:go.mod",,,,,,[]
google.golang.org/grpc/backoff@1.46.0,google.golang.org/grpc/backoff,1.46.0,golang,0,0,0,0,,,"github.com/dislinkt/auth_service:go.mod, github.com/dislinkt/connection_service:go.mod, post_service:go.mod, github.com/dislinkt/user_service:go.mod, github.com/dislinkt/additional_user_service:go.mod, github.com/dislinkt/api_gateway:go.mod",,,,,,[]
google.golang.org/grpc/balancer@1.46.0,google.golang.org/grpc/balancer,1.46.0,golang,0,0,0,0,,,"github.com/dislinkt/auth_service:go.mod, github.com/dislinkt/connection_service:go.mod, post_service:go.mod, github.com/dislinkt/user_service:go.mod, github.com/dislinkt/additional_user_service:go.mod, github.com/dislinkt/api_gateway:go.mod",,,,,,[]
google.golang.org/grpc/balancer/base@1.46.0,google.golang.org/grpc/balancer/base,1.46.0,golang,0,0,0,0,,,"github.com/dislinkt/auth_service:go.mod, github.com/dislinkt/connection_service:go.mod, post_service:go.mod, github.com/dislinkt/user_service:go.mod, github.com/dislinkt/additional_user_service:go.mod, github.com/dislinkt/api_gateway:go.mod",,,,,,[]
google.golang.org/grpc/balancer/grpclb/state@1.46.0,google.golang.org/grpc/balancer/grpclb/state,1.46.0,golang,0,0,0,0,,,"github.com/dislinkt/auth_service:go.mod, github.com/dislinkt/connection_service:go.mod, post_service:go.mod, github.com/dislinkt/user_service:go.mod, github.com/dislinkt/additional_user_service:go.mod, github.com/dislinkt/api_gateway:go.mod",,,,,,[]
google.golang.org/grpc/balancer/roundrobin@1.46.0,google.golang.org/grpc/balancer/roundrobin,1.46.0,golang,0,0,0,0,,,"github.com/dislinkt/auth_service:go.mod, github.com/dislinkt/connection_service:go.mod, post_service:go.mod, github.com/dislinkt/user_service:go.mod, github.com/dislinkt/additional_user_service:go.mod, github.com/dislinkt/api_gateway:go.mod",,,,,,[]
google.golang.org/grpc/binarylog/grpc_binarylog_v1@1.46.0,google.golang.org/grpc/binarylog/grpc_binarylog_v1,1.46.0,golang,0,0,0,0,,,"github.com/dislinkt/auth_service:go.mod, github.com/dislinkt/connection_service:go.mod, post_service:go.mod, github.com/dislinkt/user_service:go.mod, github.com/dislinkt/additional_user_service:go.mod, github.com/dislinkt/api_gateway:go.mod",,,,,,[]
google.golang.org/grpc/channelz@1.46.0,google.golang.org/grpc/channelz,1.46.0,golang,0,0,0,0,,,"github.com/dislinkt/auth_service:go.mod, github.com/dislinkt/connection_service:go.mod, post_service:go.mod, github.com/dislinkt/user_service:go.mod, github.com/dislinkt/additional_user_service:go.mod, github.com/dislinkt/api_gateway:go.mod",,,,,,[]
google.golang.org/grpc/codes@1.46.0,google.golang.org/grpc/codes,1.46.0,golang,0,0,0,0,,,"github.com/dislinkt/auth_service:go.mod, github.com/dislinkt/connection_service:go.mod, post_service:go.mod, github.com/dislinkt/user_service:go.mod, github.com/dislinkt/additional_user_service:go.mod, github.com/dislinkt/api_gateway:go.mod",,,,,,[]
google.golang.org/grpc/connectivity@1.46.0,google.golang.org/grpc/connectivity,1.46.0,golang,0,0,0,0,,,"github.com/dislinkt/auth_service:go.mod, github.com/dislinkt/connection_service:go.mod, post_service:go.mod, github.com/dislinkt/user_service:go.mod, github.com/dislinkt/additional_user_service:go.mod, github.com/dislinkt/api_gateway:go.mod",,,,,,[]
google.golang.org/grpc/credentials@1.46.0,google.golang.org/grpc/credentials,1.46.0,golang,0,0,0,0,,,"github.com/dislinkt/auth_service:go.mod, github.com/dislinkt/connection_service:go.mod, post_service:go.mod, github.com/dislinkt/user_service:go.mod, github.com/dislinkt/additional_user_service:go.mod, github.com/dislinkt/api_gateway:go.mod",,,,,,[]
google.golang.org/grpc/credentials/insecure@1.46.0,google.golang.org/grpc/credentials/insecure,1.46.0,golang,0,0,0,0,,,"github.com/dislinkt/auth_service:go.mod, github.com/dislinkt/connection_service:go.mod, post_service:go.mod, github.com/dislinkt/user_service:go.mod, github.com/dislinkt/additional_user_service:go.mod, github.com/dislinkt/api_gateway:go.mod",,,,,,[]
google.golang.org/grpc/encoding@1.46.0,google.golang.org/grpc/encoding,1.46.0,golang,0,0,0,0,,,"github.com/dislinkt/auth_service:go.mod, github.com/dislinkt/connection_service:go.mod, post_service:go.mod, github.com/dislinkt/user_service:go.mod, github.com/dislinkt/additional_user_service:go.mod, github.com/dislinkt/api_gateway:go.mod",,,,,,[]
google.golang.org/grpc/encoding/proto@1.46.0,google.golang.org/grpc/encoding/proto,1.46.0,golang,0,0,0,0,,,"github.com/dislinkt/auth_service:go.mod, github.com/dislinkt/connection_service:go.mod, post_service:go.mod, github.com/dislinkt/user_service:go.mod, github.com/dislinkt/additional_user_service:go.mod, github.com/dislinkt/api_gateway:go.mod",,,,,,[]
google.golang.org/grpc/grpclog@1.46.0,google.golang.org/grpc/grpclog,1.46.0,golang,0,0,0,0,,,"github.com/dislinkt/auth_service:go.mod, github.com/dislinkt/connection_service:go.mod, post_service:go.mod, github.com/dislinkt/user_service:go.mod, github.com/dislinkt/additional_user_service:go.mod, github.com/dislinkt/api_gateway:go.mod",,,,,,[]
google.golang.org/grpc/health/grpc_health_v1@1.46.0,google.golang.org/grpc/health/grpc_health_v1,1.46.0,golang,0,0,0,0,,,"github.com/dislinkt/auth_service:go.mod, github.com/dislinkt/connection_service:go.mod, post_service:go.mod, github.com/dislinkt/user_service:go.mod, github.com/dislinkt/additional_user_service:go.mod, github.com/dislinkt/api_gateway:go.mod",,,,,,[]
google.golang.org/grpc/internal@1.46.0,google.golang.org/grpc/internal,1.46.0,golang,0,0,0,0,,,"github.com/dislinkt/auth_service:go.mod, github.com/dislinkt/connection_service:go.mod, post_service:go.mod, github.com/dislinkt/user_service:go.mod, github.com/dislinkt/additional_user_service:go.mod, github.com/dislinkt/api_gateway:go.mod",,,,,,[]
google.golang.org/grpc/internal/backoff@1.46.0,google.golang.org/grpc/internal/backoff,1.46.0,golang,0,0,0,0,,,"github.com/dislinkt/auth_service:go.mod, github.com/dislinkt/connection_service:go.mod, post_service:go.mod, github.com/dislinkt/user_service:go.mod, github.com/dislinkt/additional_user_service:go.mod, github.com/dislinkt/api_gateway:go.mod",,,,,,[]
google.golang.org/grpc/internal/balancer/gracefulswitch@1.46.0,google.golang.org/grpc/internal/balancer/gracefulswitch,1.46.0,golang,0,0,0,0,,,"github.com/dislinkt/auth_service:go.mod, github.com/dislinkt/connection_service:go.mod, post_service:go.mod, github.com/dislinkt/user_service:go.mod, github.com/dislinkt/additional_user_service:go.mod, github.com/dislinkt/api_gateway:go.mod",,,,,,[]
google.golang.org/grpc/internal/balancerload@1.46.0,google.golang.org/grpc/internal/balancerload,1.46.0,golang,0,0,0,0,,,"github.com/dislinkt/auth_service:go.mod, github.com/dislinkt/connection_service:go.mod, post_service:go.mod, github.com/dislinkt/user_service:go.mod, github.com/dislinkt/additional_user_service:go.mod, github.com/dislinkt/api_gateway:go.mod",,,,,,[]
google.golang.org/grpc/internal/binarylog@1.46.0,google.golang.org/grpc/internal/binarylog,1.46.0,golang,0,0,0,0,,,"github.com/dislinkt/auth_service:go.mod, github.com/dislinkt/connection_service:go.mod, post_service:go.mod, github.com/dislinkt/user_service:go.mod, github.com/dislinkt/additional_user_service:go.mod, github.com/dislinkt/api_gateway:go.mod",,,,,,[]
google.golang.org/grpc/internal/buffer@1.46.0,google.golang.org/grpc/internal/buffer,1.46.0,golang,0,0,0,0,,,"github.com/dislinkt/auth_service:go.mod, github.com/dislinkt/connection_service:go.mod, post_service:go.mod, github.com/dislinkt/user_service:go.mod, github.com/dislinkt/additional_user_service:go.mod, github.com/dislinkt/api_gateway:go.mod",,,,,,[]
google.golang.org/grpc/internal/channelz@1.46.0,google.golang.org/grpc/internal/channelz,1.46.0,golang,0,0,0,0,,,"github.com/dislinkt/auth_service:go.mod, github.com/dislinkt/connection_service:go.mod, post_service:go.mod, github.com/dislinkt/user_service:go.mod, github.com/dislinkt/additional_user_service:go.mod, github.com/dislinkt/api_gateway:go.mod",,,,,,[]
google.golang.org/grpc/internal/credentials@1.46.0,google.golang.org/grpc/internal/credentials,1.46.0,golang,0,0,0,0,,,"github.com/dislinkt/auth_service:go.mod, github.com/dislinkt/connection_service:go.mod, post_service:go.mod, github.com/dislinkt/user_service:go.mod, github.com/dislinkt/additional_user_service:go.mod, github.com/dislinkt/api_gateway:go.mod",,,,,,[]
google.golang.org/grpc/internal/envconfig@1.46.0,google.golang.org/grpc/internal/envconfig,1.46.0,golang,0,0,0,0,,,"github.com/dislinkt/auth_service:go.mod, github.com/dislinkt/connection_service:go.mod, post_service:go.mod, github.com/dislinkt/user_service:go.mod, github.com/dislinkt/additional_user_service:go.mod, github.com/dislinkt/api_gateway:go.mod",,,,,,[]
google.golang.org/grpc/internal/grpclog@1.46.0,google.golang.org/grpc/internal/grpclog,1.46.0,golang,0,0,0,0,,,"github.com/dislinkt/auth_service:go.mod, github.com/dislinkt/connection_service:go.mod, post_service:go.mod, github.com/dislinkt/user_service:go.mod, github.com/dislinkt/additional_user_service:go.mod, github.com/dislinkt/api_gateway:go.mod",,,,,,[]
google.golang.org/grpc/internal/grpcrand@1.46.0,google.golang.org/grpc/internal/grpcrand,1.46.0,golang,0,0,0,0,,,"github.com/dislinkt/auth_service:go.mod, github.com/dislinkt/connection_service:go.mod, post_service:go.mod, github.com/dislinkt/user_service:go.mod, github.com/dislinkt/additional_user_service:go.mod, github.com/dislinkt/api_gateway:go.mod",,,,,,[]
google.golang.org/grpc/internal/grpcsync@1.46.0,google.golang.org/grpc/internal/grpcsync,1.46.0,golang,0,0,0,0,,,"github.com/dislinkt/auth_service:go.mod, github.com/dislinkt/connection_service:go.mod, post_service:go.mod, github.com/dislinkt/user_service:go.mod, github.com/dislinkt/additional_user_service:go.mod, github.com/dislinkt/api_gateway:go.mod",,,,,,[]
google.golang.org/grpc/internal/grpcutil@1.46.0,google.golang.org/grpc/internal/grpcutil,1.46.0,golang,0,0,0,0,,,"github.com/dislinkt/auth_service:go.mod, github.com/dislinkt/connection_service:go.mod, post_service:go.mod, github.com/dislinkt/user_service:go.mod, github.com/dislinkt/additional_user_service:go.mod, github.com/dislinkt/api_gateway:go.mod",,,,,,[]
google.golang.org/grpc/internal/metadata@1.46.0,google.golang.org/grpc/internal/metadata,1.46.0,golang,0,0,0,0,,,"github.com/dislinkt/auth_service:go.mod, github.com/dislinkt/connection_service:go.mod, post_service:go.mod, github.com/dislinkt/user_service:go.mod, github.com/dislinkt/additional_user_service:go.mod, github.com/dislinkt/api_gateway:go.mod",,,,,,[]
google.golang.org/grpc/internal/pretty@1.46.0,google.golang.org/grpc/internal/pretty,1.46.0,golang,0,0,0,0,,,"github.com/dislinkt/auth_service:go.mod, github.com/dislinkt/connection_service:go.mod, post_service:go.mod, github.com/dislinkt/user_service:go.mod, github.com/dislinkt/additional_user_service:go.mod, github.com/dislinkt/api_gateway:go.mod",,,,,,[]
google.golang.org/grpc/internal/resolver@1.46.0,google.golang.org/grpc/internal/resolver,1.46.0,golang,0,0,0,0,,,"github.com/dislinkt/auth_service:go.mod, github.com/dislinkt/connection_service:go.mod, post_service:go.mod, github.com/dislinkt/user_service:go.mod, github.com/dislinkt/additional_user_service:go.mod, github.com/dislinkt/api_gateway:go.mod",,,,,,[]
google.golang.org/grpc/internal/resolver/dns@1.46.0,google.golang.org/grpc/internal/resolver/dns,1.46.0,golang,0,0,0,0,,,"github.com/dislinkt/auth_service:go.mod, github.com/dislinkt/connection_service:go.mod, post_service:go.mod, github.com/dislinkt/user_service:go.mod, github.com/dislinkt/additional_user_service:go.mod, github.com/dislinkt/api_gateway:go.mod",,,,,,[]
google.golang.org/grpc/internal/resolver/passthrough@1.46.0,google.golang.org/grpc/internal/resolver/passthrough,1.46.0,golang,0,0,0,0,,,"github.com/dislinkt/auth_service:go.mod, github.com/dislinkt/connection_service:go.mod, post_service:go.mod, github.com/dislinkt/user_service:go.mod, github.com/dislinkt/additional_user_service:go.mod, github.com/dislinkt/api_gateway:go.mod",,,,,,[]
google.golang.org/grpc/internal/resolver/unix@1.46.0,google.golang.org/grpc/internal/resolver/unix,1.46.0,golang,0,0,0,0,,,"github.com/dislinkt/auth_service:go.mod, github.com/dislinkt/connection_service:go.mod, post_service:go.mod, github.com/dislinkt/user_service:go.mod, github.com/dislinkt/additional_user_service:go.mod, github.com/dislinkt/api_gateway:go.mod",,,,,,[]
google.golang.org/grpc/internal/serviceconfig@1.46.0,google.golang.org/grpc/internal/serviceconfig,1.46.0,golang,0,0,0,0,,,"github.com/dislinkt/auth_service:go.mod, github.com/dislinkt/connection_service:go.mod, post_service:go.mod, github.com/dislinkt/user_service:go.mod, github.com/dislinkt/additional_user_service:go.mod, github.com/dislinkt/api_gateway:go.mod",,,,,,[]
google.golang.org/grpc/internal/status@1.46.0,google.golang.org/grpc/internal/status,1.46.0,golang,0,0,0,0,,,"github.com/dislinkt/auth_service:go.mod, github.com/dislinkt/connection_service:go.mod, post_service:go.mod, github.com/dislinkt/user_service:go.mod, github.com/dislinkt/additional_user_service:go.mod, github.com/dislinkt/api_gateway:go.mod",,,,,,[]
google.golang.org/grpc/internal/syscall@1.46.0,google.golang.org/grpc/internal/syscall,1.46.0,golang,0,0,0,0,,,"github.com/dislinkt/auth_service:go.mod, github.com/dislinkt/connection_service:go.mod, post_service:go.mod, github.com/dislinkt/user_service:go.mod, github.com/dislinkt/additional_user_service:go.mod, github.com/dislinkt/api_gateway:go.mod",,,,,,[]
google.golang.org/grpc/internal/transport@1.46.0,google.golang.org/grpc/internal/transport,1.46.0,golang,0,0,0,0,,,"github.com/dislinkt/auth_service:go.mod, github.com/dislinkt/connection_service:go.mod, post_service:go.mod, github.com/dislinkt/user_service:go.mod, github.com/dislinkt/additional_user_service:go.mod, github.com/dislinkt/api_gateway:go.mod",,,,,,[]
google.golang.org/grpc/internal/transport/networktype@1.46.0,google.golang.org/grpc/internal/transport/networktype,1.46.0,golang,0,0,0,0,,,"github.com/dislinkt/auth_service:go.mod, github.com/dislinkt/connection_service:go.mod, post_service:go.mod, github.com/dislinkt/user_service:go.mod, github.com/dislinkt/additional_user_service:go.mod, github.com/dislinkt/api_gateway:go.mod",,,,,,[]
google.golang.org/grpc/keepalive@1.46.0,google.golang.org/grpc/keepalive,1.46.0,golang,0,0,0,0,,,"github.com/dislinkt/auth_service:go.mod, github.com/dislinkt/connection_service:go.mod, post_service:go.mod, github.com/dislinkt/user_service:go.mod, github.com/dislinkt/additional_user_service:go.mod, github.com/dislinkt/api_gateway:go.mod",,,,,,[]
google.golang.org/grpc/metadata@1.46.0,google.golang.org/grpc/metadata,1.46.0,golang,0,0,0,0,,,"github.com/dislinkt/auth_service:go.mod, github.com/dislinkt/connection_service:go.mod, post_service:go.mod, github.com/dislinkt/user_service:go.mod, github.com/dislinkt/additional_user_service:go.mod, github.com/dislinkt/api_gateway:go.mod",,,,,,[]
google.golang.org/grpc/peer@1.46.0,google.golang.org/grpc/peer,1.46.0,golang,0,0,0,0,,,"github.com/dislinkt/auth_service:go.mod, github.com/dislinkt/connection_service:go.mod, post_service:go.mod, github.com/dislinkt/user_service:go.mod, github.com/dislinkt/additional_user_service:go.mod, github.com/dislinkt/api_gateway:go.mod",,,,,,[]
google.golang.org/grpc/resolver@1.46.0,google.golang.org/grpc/resolver,1.46.0,golang,0,0,0,0,,,"github.com/dislinkt/auth_service:go.mod, github.com/dislinkt/connection_service:go.mod, post_service:go.mod, github.com/dislinkt/user_service:go.mod, github.com/dislinkt/additional_user_service:go.mod, github.com/dislinkt/api_gateway:go.mod",,,,,,[]
google.golang.org/grpc/serviceconfig@1.46.0,google.golang.org/grpc/serviceconfig,1.46.0,golang,0,0,0,0,,,"github.com/dislinkt/auth_service:go.mod, github.com/dislinkt/connection_service:go.mod, post_service:go.mod, github.com/dislinkt/user_service:go.mod, github.com/dislinkt/additional_user_service:go.mod, github.com/dislinkt/api_gateway:go.mod",,,,,,[]
google.golang.org/grpc/stats@1.46.0,google.golang.org/grpc/stats,1.46.0,golang,0,0,0,0,,,"github.com/dislinkt/auth_service:go.mod, github.com/dislinkt/connection_service:go.mod, post_service:go.mod, github.com/dislinkt/user_service:go.mod, github.com/dislinkt/additional_user_service:go.mod, github.com/dislinkt/api_gateway:go.mod",,,,,,[]
google.golang.org/grpc/status@1.46.0,google.golang.org/grpc/status,1.46.0,golang,0,0,0,0,,,"github.com/dislinkt/auth_service:go.mod, github.com/dislinkt/connection_service:go.mod, post_service:go.mod, github.com/dislinkt/user_service:go.mod, github.com/dislinkt/additional_user_service:go.mod, github.com/dislinkt/api_gateway:go.mod",,,,,,[]
google.golang.org/grpc/tap@1.46.0,google.golang.org/grpc/tap,1.46.0,golang,0,0,0,0,,,"github.com/dislinkt/auth_service:go.mod, github.com/dislinkt/connection_service:go.mod, post_service:go.mod, github.com/dislinkt/user_service:go.mod, github.com/dislinkt/additional_user_service:go.mod, github.com/dislinkt/api_gateway:go.mod",,,,,,[]
google.golang.org/protobuf/encoding/protojson@1.28.0,google.golang.org/protobuf/encoding/protojson,1.28.0,golang,0,0,0,0,,,"github.com/dislinkt/auth_service:go.mod, github.com/dislinkt/connection_service:go.mod, post_service:go.mod, github.com/dislinkt/user_service:go.mod, github.com/dislinkt/additional_user_service:go.mod, github.com/dislinkt/api_gateway:go.mod",,,,,,[]
google.golang.org/protobuf/encoding/prototext@1.28.0,google.golang.org/protobuf/encoding/prototext,1.28.0,golang,0,0,0,0,,,"github.com/dislinkt/auth_service:go.mod, github.com/dislinkt/connection_service:go.mod, post_service:go.mod, github.com/dislinkt/user_service:go.mod, github.com/dislinkt/additional_user_service:go.mod, github.com/dislinkt/api_gateway:go.mod",,,,,,[]
google.golang.org/protobuf/encoding/protowire@1.28.0,google.golang.org/protobuf/encoding/protowire,1.28.0,golang,0,0,0,0,,,"github.com/dislinkt/auth_service:go.mod, github.com/dislinkt/connection_service:go.mod, post_service:go.mod, github.com/dislinkt/user_service:go.mod, github.com/dislinkt/additional_user_service:go.mod, github.com/dislinkt/api_gateway:go.mod",,,,,,[]
google.golang.org/protobuf/internal/descfmt@1.28.0,google.golang.org/protobuf/internal/descfmt,1.28.0,golang,0,0,0,0,,,"github.com/dislinkt/auth_service:go.mod, github.com/dislinkt/connection_service:go.mod, post_service:go.mod, github.com/dislinkt/user_service:go.mod, github.com/dislinkt/additional_user_service:go.mod, github.com/dislinkt/api_gateway:go.mod",,,,,,[]
google.golang.org/protobuf/internal/descopts@1.28.0,google.golang.org/protobuf/internal/descopts,1.28.0,golang,0,0,0,0,,,"github.com/dislinkt/auth_service:go.mod, github.com/dislinkt/connection_service:go.mod, post_service:go.mod, github.com/dislinkt/user_service:go.mod, github.com/dislinkt/additional_user_service:go.mod, github.com/dislinkt/api_gateway:go.mod",,,,,,[]
google.golang.org/protobuf/internal/detrand@1.28.0,google.golang.org/protobuf/internal/detrand,1.28.0,golang,0,0,0,0,,,"github.com/dislinkt/auth_service:go.mod, github.com/dislinkt/connection_service:go.mod, post_service:go.mod, github.com/dislinkt/user_service:go.mod, github.com/dislinkt/additional_user_service:go.mod, github.com/dislinkt/api_gateway:go.mod",,,,,,[]
google.golang.org/protobuf/internal/encoding/defval@1.28.0,google.golang.org/protobuf/internal/encoding/defval,1.28.0,golang,0,0,0,0,,,"github.com/dislinkt/auth_service:go.mod, github.com/dislinkt/connection_service:go.mod, post_service:go.mod, github.com/dislinkt/user_service:go.mod, github.com/dislinkt/additional_user_service:go.mod, github.com/dislinkt/api_gateway:go.mod",,,,,,[]
google.golang.org/protobuf/internal/encoding/json@1.28.0,google.golang.org/protobuf/internal/encoding/json,1.28.0,golang,0,0,0,0,,,"github.com/dislinkt/auth_service:go.mod, github.com/dislinkt/connection_service:go.mod, post_service:go.mod, github.com/dislinkt/user_service:go.mod, github.com/dislinkt/additional_user_service:go.mod, github.com/dislinkt/api_gateway:go.mod",,,,,,[]
google.golang.org/protobuf/internal/encoding/messageset@1.28.0,google.golang.org/protobuf/internal/encoding/messageset,1.28.0,golang,0,0,0,0,,,"github.com/dislinkt/auth_service:go.mod, github.com/dislinkt/connection_service:go.mod, post_service:go.mod, github.com/dislinkt/user_service:go.mod, github.com/dislinkt/additional_user_service:go.mod, github.com/dislinkt/api_gateway:go.mod",,,,,,[]
google.golang.org/protobuf/internal/encoding/tag@1.28.0,google.golang.org/protobuf/internal/encoding/tag,1.28.0,golang,0,0,0,0,,,"github.com/dislinkt/auth_service:go.mod, github.com/dislinkt/connection_service:go.mod, post_service:go.mod, github.com/dislinkt/user_service:go.mod, github.com/dislinkt/additional_user_service:go.mod, github.com/dislinkt/api_gateway:go.mod",,,,,,[]
google.golang.org/protobuf/internal/encoding/text@1.28.0,google.golang.org/protobuf/internal/encoding/text,1.28.0,golang,0,0,0,0,,,"github.com/dislinkt/auth_service:go.mod, github.com/dislinkt/connection_service:go.mod, post_service:go.mod, github.com/dislinkt/user_service:go.mod, github.com/dislinkt/additional_user_service:go.mod, github.com/dislinkt/api_gateway:go.mod",,,,,,[]
google.golang.org/protobuf/internal/errors@1.28.0,google.golang.org/protobuf/internal/errors,1.28.0,golang,0,0,0,0,,,"github.com/dislinkt/auth_service:go.mod, github.com/dislinkt/connection_service:go.mod, post_service:go.mod, github.com/dislinkt/user_service:go.mod, github.com/dislinkt/additional_user_service:go.mod, github.com/dislinkt/api_gateway:go.mod",,,,,,[]
google.golang.org/protobuf/internal/filedesc@1.28.0,google.golang.org/protobuf/internal/filedesc,1.28.0,golang,0,0,0,0,,,"github.com/dislinkt/auth_service:go.mod, github.com/dislinkt/connection_service:go.mod, post_service:go.mod, github.com/dislinkt/user_service:go.mod, github.com/dislinkt/additional_user_service:go.mod, github.com/dislinkt/api_gateway:go.mod",,,,,,[]
google.golang.org/protobuf/internal/filetype@1.28.0,google.golang.org/protobuf/internal/filetype,1.28.0,golang,0,0,0,0,,,"github.com/dislinkt/auth_service:go.mod, github.com/dislinkt/connection_service:go.mod, post_service:go.mod, github.com/dislinkt/user_service:go.mod, github.com/dislinkt/additional_user_service:go.mod, github.com/dislinkt/api_gateway:go.mod",,,,,,[]
google.golang.org/protobuf/internal/flags@1.28.0,google.golang.org/protobuf/internal/flags,1.28.0,golang,0,0,0,0,,,"github.com/dislinkt/auth_service:go.mod, github.com/dislinkt/connection_service:go.mod, post_service:go.mod, github.com/dislinkt/user_service:go.mod, github.com/dislinkt/additional_user_service:go.mod, github.com/dislinkt/api_gateway:go.mod",,,,,,[]
google.golang.org/protobuf/internal/genid@1.28.0,google.golang.org/protobuf/internal/genid,1.28.0,golang,0,0,0,0,,,"github.com/dislinkt/auth_service:go.mod, github.com/dislinkt/connection_service:go.mod, post_service:go.mod, github.com/dislinkt/user_service:go.mod, github.com/dislinkt/additional_user_service:go.mod, github.com/dislinkt/api_gateway:go.mod",,,,,,[]
google.golang.org/protobuf/internal/impl@1.28.0,google.golang.org/protobuf/internal/impl,1.28.0,golang,0,0,0,0,,,"github.com/dislinkt/auth_service:go.mod, github.com/dislinkt/connection_service:go.mod, post_service:go.mod, github.com/dislinkt/user_service:go.mod, github.com/dislinkt/additional_user_service:go.mod, github.com/dislinkt/api_gateway:go.mod",,,,,,[]
google.golang.org/protobuf/internal/order@1.28.0,google.golang.org/protobuf/internal/order,1.28.0,golang,0,0,0,0,,,"github.com/dislinkt/auth_service:go.mod, github.com/dislinkt/connection_service:go.mod, post_service:go.mod, github.com/dislinkt/user_service:go.mod, github.com/dislinkt/additional_user_service:go.mod, github.com/dislinkt/api_gateway:go.mod",,,,,,[]
google.golang.org/protobuf/internal/pragma@1.28.0,google.golang.org/protobuf/internal/pragma,1.28.0,golang,0,0,0,0,,,"github.com/dislinkt/auth_service:go.mod, github.com/dislinkt/connection_service:go.mod, post_service:go.mod, github.com/dislinkt/user_service:go.mod, github.com/dislinkt/additional_user_service:go.mod, github.com/dislinkt/api_gateway:go.mod",,,,,,[]
google.golang.org/protobuf/internal/set@1.28.0,google.golang.org/protobuf/internal/set,1.28.0,golang,0,0,0,0,,,"github.com/dislinkt/auth_service:go.mod, github.com/dislinkt/connection_service:go.mod, post_service:go.mod, github.com/dislinkt/user_service:go.mod, github.com/dislinkt/additional_user_service:go.mod, github.com/dislinkt/api_gateway:go.mod",,,,,,[]
google.golang.org/protobuf/internal/strs@1.28.0,google.golang.org/protobuf/internal/strs,1.28.0,golang,0,0,0,0,,,"github.com/dislinkt/auth_service:go.mod, github.com/dislinkt/connection_service:go.mod, post_service:go.mod, github.com/dislinkt/user_service:go.mod, github.com/dislinkt/additional_user_service:go.mod, github.com/dislinkt/api_gateway:go.mod",,,,,,[]
google.golang.org/protobuf/internal/version@1.28.0,google.golang.org/protobuf/internal/version,1.28.0,golang,0,0,0,0,,,"github.com/dislinkt/auth_service:go.mod, github.com/dislinkt/connection_service:go.mod, post_service:go.mod, github.com/dislinkt/user_service:go.mod, github.com/dislinkt/additional_user_service:go.mod, github.com/dislinkt/api_gateway:go.mod",,,,,,[]
google.golang.org/protobuf/proto@1.28.0,google.golang.org/protobuf/proto,1.28.0,golang,0,0,0,0,,,"github.com/dislinkt/auth_service:go.mod, github.com/dislinkt/connection_service:go.mod, post_service:go.mod, github.com/dislinkt/user_service:go.mod, github.com/dislinkt/additional_user_service:go.mod, github.com/dislinkt/api_gateway:go.mod",,,,,,[]
google.golang.org/protobuf/reflect/protodesc@1.28.0,google.golang.org/protobuf/reflect/protodesc,1.28.0,golang,0,0,0,0,,,"github.com/dislinkt/auth_service:go.mod, github.com/dislinkt/connection_service:go.mod, post_service:go.mod, github.com/dislinkt/user_service:go.mod, github.com/dislinkt/additional_user_service:go.mod, github.com/dislinkt/api_gateway:go.mod",,,,,,[]
google.golang.org/protobuf/reflect/protoreflect@1.28.0,google.golang.org/protobuf/reflect/protoreflect,1.28.0,golang,0,0,0,0,,,"github.com/dislinkt/auth_service:go.mod, github.com/dislinkt/connection_service:go.mod, post_service:go.mod, github.com/dislinkt/user_service:go.mod, github.com/dislinkt/additional_user_service:go.mod, github.com/dislinkt/api_gateway:go.mod",,,,,,[]
google.golang.org/protobuf/reflect/protoregistry@1.28.0,google.golang.org/protobuf/reflect/protoregistry,1.28.0,golang,0,0,0,0,,,"github.com/dislinkt/auth_service:go.mod, github.com/dislinkt/connection_service:go.mod, post_service:go.mod, github.com/dislinkt/user_service:go.mod, github.com/dislinkt/additional_user_service:go.mod, github.com/dislinkt/api_gateway:go.mod",,,,,,[]
google.golang.org/protobuf/runtime/protoiface@1.28.0,google.golang.org/protobuf/runtime/protoiface,1.28.0,golang,0,0,0,0,,,"github.com/dislinkt/auth_service:go.mod, github.com/dislinkt/connection_service:go.mod, post_service:go.mod, github.com/dislinkt/user_service:go.mod, github.com/dislinkt/additional_user_service:go.mod, github.com/dislinkt/api_gateway:go.mod",,,,,,[]
google.golang.org/protobuf/runtime/protoimpl@1.28.0,google.golang.org/protobuf/runtime/protoimpl,1.28.0,golang,0,0,0,0,,,"github.com/dislinkt/auth_service:go.mod, github.com/dislinkt/connection_service:go.mod, post_service:go.mod, github.com/dislinkt/user_service:go.mod, github.com/dislinkt/additional_user_service:go.mod, github.com/dislinkt/api_gateway:go.mod",,,,,,[]
google.golang.org/protobuf/types/descriptorpb@1.28.0,google.golang.org/protobuf/types/descriptorpb,1.28.0,golang,0,0,0,0,,,"github.com/dislinkt/auth_service:go.mod, github.com/dislinkt/connection_service:go.mod, post_service:go.mod, github.com/dislinkt/user_service:go.mod, github.com/dislinkt/additional_user_service:go.mod, github.com/dislinkt/api_gateway:go.mod",,,,,,[]
google.golang.org/protobuf/types/known/anypb@1.28.0,google.golang.org/protobuf/types/known/anypb,1.28.0,golang,0,0,0,0,,,"github.com/dislinkt/auth_service:go.mod, github.com/dislinkt/connection_service:go.mod, post_service:go.mod, github.com/dislinkt/user_service:go.mod, github.com/dislinkt/additional_user_service:go.mod, github.com/dislinkt/api_gateway:go.mod",,,,,,[]
google.golang.org/protobuf/types/known/durationpb@1.28.0,google.golang.org/protobuf/types/known/durationpb,1.28.0,golang,0,0,0,0,,,"github.com/dislinkt/auth_service:go.mod, github.com/dislinkt/connection_service:go.mod, post_service:go.mod, github.com/dislinkt/user_service:go.mod, github.com/dislinkt/additional_user_service:go.mod, github.com/dislinkt/api_gateway:go.mod",,,,,,[]
google.golang.org/protobuf/types/known/fieldmaskpb@1.28.0,google.golang.org/protobuf/types/known/fieldmaskpb,1.28.0,golang,0,0,0,0,,,"github.com/dislinkt/auth_service:go.mod, github.com/dislinkt/connection_service:go.mod, post_service:go.mod, github.com/dislinkt/user_service:go.mod, github.com/dislinkt/additional_user_service:go.mod, github.com/dislinkt/api_gateway:go.mod",,,,,,[]
google.golang.org/protobuf/types/known/timestamppb@1.28.0,google.golang.org/protobuf/types/known/timestamppb,1.28.0,golang,0,0,0,0,,,"github.com/dislinkt/auth_service:go.mod, github.com/dislinkt/connection_service:go.mod, post_service:go.mod, github.com/dislinkt/user_service:go.mod, github.com/dislinkt/additional_user_service:go.mod, github.com/dislinkt/api_gateway:go.mod",,,,,,[]
google.golang.org/protobuf/types/known/wrapperspb@1.28.0,google.golang.org/protobuf/types/known/wrapperspb,1.28.0,golang,0,0,0,0,,,"github.com/dislinkt/auth_service:go.mod, github.com/dislinkt/connection_service:go.mod, post_service:go.mod, github.com/dislinkt/user_service:go.mod, github.com/dislinkt/additional_user_service:go.mod, github.com/dislinkt/api_gateway:go.mod",,,,,,[]
gorm.io/driver/postgres@1.3.5,gorm.io/driver/postgres,1.3.5,golang,0,0,0,0,,MIT,"github.com/dislinkt/auth_service:go.mod, github.com/dislinkt/user_service:go.mod",https://app.snyk.io/vuln/snyk:lic:MIT,,,,,[]
gorm.io/gorm@1.23.5,gorm.io/gorm,1.23.5,golang,0,0,0,0,,MIT,"github.com/dislinkt/auth_service:go.mod, github.com/dislinkt/user_service:go.mod",https://app.snyk.io/vuln/snyk:lic:MIT,,,,,[]
gorm.io/gorm/callbacks@1.23.5,gorm.io/gorm/callbacks,1.23.5,golang,0,0,0,0,,,"github.com/dislinkt/auth_service:go.mod, github.com/dislinkt/user_service:go.mod",,,,,,[]
gorm.io/gorm/clause@1.23.5,gorm.io/gorm/clause,1.23.5,golang,0,0,0,0,,,"github.com/dislinkt/auth_service:go.mod, github.com/dislinkt/user_service:go.mod",,,,,,[]
gorm.io/gorm/logger@1.23.5,gorm.io/gorm/logger,1.23.5,golang,0,0,0,0,,,"github.com/dislinkt/auth_service:go.mod, github.com/dislinkt/user_service:go.mod",,,,,,[]
gorm.io/gorm/migrator@1.23.5,gorm.io/gorm/migrator,1.23.5,golang,0,0,0,0,,,"github.com/dislinkt/auth_service:go.mod, github.com/dislinkt/user_service:go.mod",,,,,,[]
gorm.io/gorm/schema@1.23.5,gorm.io/gorm/schema,1.23.5,golang,0,0,0,0,,,"github.com/dislinkt/auth_service:go.mod, github.com/dislinkt/user_service:go.mod",,,,,,[]
gorm.io/gorm/utils@1.23.5,gorm.io/gorm/utils,1.23.5,golang,0,0,0,0,,,"github.com/dislinkt/auth_service:go.mod, github.com/dislinkt/user_service:go.mod",,,,,,[]
